Date,State,City,Crop Type,Season Temperature,Rainfall(mm),Supply Volumn(tons),Demand Volumn(tons),Transportation Cost(ton),Fertilizer usage(kg/hectare),pest Infestation(0-1),market Competition(0-1),price(ton),Month,Season
2020-01-02,Bihar,Gaya,Cotton,35.6,75.1,902.7,1383.6,81.9,152.5,0.68,0.62,1934.65,1,Winter
2020-01-02,Bihar,Bhagalpur,Cotton,26.7,146.3,1182.4,1561.4,39.7,156.1,0.81,0.82,1949.1,1,Winter
2020-01-05,Bihar,Bhagalpur,Sugarcane,30.7,122.3,656.5,1407.0,41.2,129.0,0.38,0.04,2182.85,1,Winter
2020-01-09,Karnataka,Mysore,Maize,17.3,155.8,653.3,1749.5,38.8,188.5,0.26,0.5,2442.5,1,Winter
2020-01-14,Punjab,Patiala,Maize,19.8,166.3,1134.6,1172.4,27.8,191.7,0.57,0.58,1850.3,1,Winter
2020-01-15,Maharashtra,Nagpur,Wheat,21.9,119.1,1147.6,665.4,51.8,182.1,0.24,0.68,1651.3,1,Winter
2020-01-17,Uttar Pradesh,Kanpur,Rice,20.7,139.5,1189.9,411.0,25.4,147.7,0.3,0.1,1479.75,1,Winter
2020-01-18,Bihar,Patna,Cotton,22.9,149.2,1031.1,1293.7,36.6,49.1,0.08,0.09,2043.1,1,Winter
2020-01-20,Bihar,Bhagalpur,Maize,30.6,207.2,897.2,1287.3,53.2,200.3,0.71,0.97,1972.65,1,Winter
2020-01-21,Punjab,Amritsar,Rice,29.4,124.8,1016.7,1221.1,35.6,138.5,0.4,0.89,2000.0,1,Winter
2020-01-22,Bihar,Gaya,Sugarcane,25.2,41.2,1133.7,688.4,52.9,144.4,0.59,0.35,1529.55,1,Winter
2020-01-27,Bihar,Bhagalpur,Rice,24.2,193.0,1443.5,892.2,42.1,114.8,0.43,0.25,1536.15,1,Winter
2020-02-04,Maharashtra,Pune,Sugarcane,32.2,4.3,1255.6,1468.9,55.5,172.0,0.68,0.24,1815.65,2,Winter
2020-02-05,Uttar Pradesh,Kanpur,Wheat,22.3,-23.0,1017.2,904.6,63.6,141.4,0.98,0.56,1578.5,2,Winter
2020-02-07,Uttar Pradesh,Kanpur,Sugarcane,23.7,94.8,1253.1,826.8,43.0,121.0,1.0,0.7,1470.85,2,Winter
2020-02-10,Punjab,Ludhiana,Cotton,32.2,64.9,957.0,989.8,46.9,127.9,0.17,0.65,1936.6,2,Winter
2020-02-16,Uttar Pradesh,Lucknow,Sugarcane,18.2,72.1,760.5,731.8,46.8,100.2,0.03,0.28,1911.05,2,Winter
2020-02-20,Punjab,Patiala,Cotton,33.6,25.4,806.1,1058.8,66.8,98.1,0.92,0.08,1724.75,2,Winter
2020-02-23,Uttar Pradesh,Varanasi,Maize,25.7,151.9,907.1,790.6,48.9,195.8,0.99,0.38,1584.95,2,Winter
2020-03-05,Karnataka,Mangalore,Rice,21.9,171.8,1077.6,1631.4,52.2,135.5,0.53,0.75,2088.5,3,Summer
2020-03-28,Maharashtra,Pune,Sugarcane,25.8,140.4,1277.2,1484.5,36.5,130.9,0.21,0.25,1992.65,3,Summer
2020-04-01,Karnataka,Bangalore,Maize,20.6,66.4,1100.8,1373.0,50.0,137.2,0.48,0.83,1975.1,4,Summer
2020-04-03,Maharashtra,Nashik,Sugarcane,29.7,71.5,1124.1,1669.7,23.9,130.3,0.78,0.64,2055.0,4,Summer
2020-04-05,Uttar Pradesh,Lucknow,Maize,26.0,102.5,1483.2,1645.9,41.3,153.5,0.73,0.55,1834.75,4,Summer
2020-04-08,Bihar,Patna,Wheat,29.3,94.8,1066.0,540.6,59.7,169.4,0.46,0.84,1563.9,4,Summer
2020-04-08,Punjab,Ludhiana,Sugarcane,25.6,75.9,655.6,989.2,31.8,177.4,0.54,0.46,1987.2,4,Summer
2020-04-08,Maharashtra,Nashik,Maize,16.2,175.0,727.6,1396.4,42.5,200.2,0.87,0.52,2040.4,4,Summer
2020-04-13,Punjab,Amritsar,Rice,25.4,117.6,1184.8,1014.9,37.2,111.0,0.03,0.55,1886.65,4,Summer
2020-04-22,Bihar,Gaya,Sugarcane,14.3,125.6,634.5,793.9,49.6,123.0,0.69,0.51,1824.5,4,Summer
2020-04-26,Punjab,Patiala,Sugarcane,23.1,47.0,1054.5,928.7,50.2,159.5,0.92,0.24,1584.7,4,Summer
2020-04-29,Punjab,Ludhiana,Wheat,26.0,179.9,924.1,1244.6,58.7,164.1,0.75,0.03,1820.85,4,Summer
2020-05-01,Karnataka,Mysore,Wheat,23.2,145.1,738.6,1120.6,42.3,167.3,0.56,0.84,2022.4,5,Summer
2020-05-02,Karnataka,Bangalore,Rice,25.4,56.2,789.2,782.4,28.2,138.3,0.65,0.48,1793.2,5,Summer
2020-05-07,Uttar Pradesh,Lucknow,Maize,32.8,127.8,1625.3,1686.8,29.9,182.0,0.34,0.9,1958.95,5,Summer
2020-05-10,Bihar,Gaya,Rice,17.9,129.8,376.3,1192.5,43.8,112.2,0.49,0.85,2258.5,5,Summer
2020-05-14,Bihar,Patna,Wheat,25.9,145.4,997.4,1358.0,58.2,167.0,0.72,0.54,1901.9,5,Summer
2020-05-23,Bihar,Patna,Cotton,31.2,95.7,727.1,1423.5,52.2,201.3,0.71,0.77,2107.8,5,Summer
2020-05-23,Uttar Pradesh,Lucknow,Wheat,25.1,56.2,940.6,1366.9,32.7,187.3,0.45,0.55,2067.75,5,Summer
2020-05-26,Punjab,Amritsar,Wheat,18.0,111.5,825.2,1291.3,49.3,119.3,0.61,0.79,2030.45,5,Summer
2020-05-29,Karnataka,Mangalore,Cotton,22.2,175.3,847.5,765.4,51.8,160.6,0.05,0.78,1918.35,5,Summer
2020-05-30,Karnataka,Bangalore,Wheat,27.7,134.8,1154.8,1366.4,44.3,129.6,0.63,0.91,1919.2,5,Summer
2020-05-31,Maharashtra,Nagpur,Maize,29.1,14.6,849.8,1867.5,55.5,158.9,0.62,0.54,2265.85,5,Summer
2020-06-01,Uttar Pradesh,Kanpur,Rice,35.0,21.0,636.8,635.3,42.5,151.6,0.23,0.54,1899.25,6,Monsoon
2020-06-02,Maharashtra,Pune,Wheat,15.7,61.8,1274.9,1581.6,67.1,149.0,0.57,1.0,1948.15,6,Monsoon
2020-06-03,Maharashtra,Pune,Maize,29.1,150.5,850.9,1335.7,56.6,122.7,0.49,0.75,2057.2,6,Monsoon
2020-06-06,Karnataka,Mysore,Maize,25.4,52.6,766.2,431.2,50.6,225.2,0.54,0.49,1618.3,6,Monsoon
2020-06-09,Punjab,Patiala,Cotton,32.1,76.3,1008.2,1152.7,67.1,165.5,0.6,0.83,1841.05,6,Monsoon
2020-06-10,Bihar,Patna,Wheat,24.4,116.3,877.9,691.7,58.1,105.0,0.91,0.14,1531.7,6,Monsoon
2020-06-15,Karnataka,Bangalore,Sugarcane,23.7,78.0,1193.0,1747.6,62.0,170.2,0.37,0.07,2049.3,6,Monsoon
2020-06-29,Punjab,Ludhiana,Rice,23.4,76.5,879.3,1049.8,45.3,178.6,0.31,0.23,1924.65,6,Monsoon
2020-07-05,Uttar Pradesh,Kanpur,Maize,17.1,170.8,761.0,1431.3,54.8,189.6,0.11,0.41,2233.55,7,Monsoon
2020-07-06,Maharashtra,Nagpur,Sugarcane,17.2,-39.2,1048.4,1471.4,54.7,104.1,0.17,0.03,2054.1,7,Monsoon
2020-07-08,Bihar,Patna,Cotton,30.2,65.1,727.9,947.8,50.8,105.5,0.98,0.46,1760.35,7,Monsoon
2020-07-08,Uttar Pradesh,Lucknow,Wheat,30.5,108.8,598.1,1252.1,39.4,116.5,0.4,0.43,2171.2,7,Monsoon
2020-07-09,Uttar Pradesh,Kanpur,Maize,22.2,156.4,1676.9,999.2,60.9,138.2,0.59,0.29,1391.35,7,Monsoon
2020-07-16,Bihar,Gaya,Maize,26.2,190.9,539.6,2178.6,65.9,149.5,0.1,0.33,2690.7,7,Monsoon
2020-07-19,Punjab,Ludhiana,Maize,25.5,90.8,1154.1,1097.0,64.1,153.8,0.98,0.84,1633.25,7,Monsoon
2020-07-20,Maharashtra,Pune,Sugarcane,23.7,151.2,513.2,1319.3,50.3,107.7,0.6,0.34,2156.45,7,Monsoon
2020-07-21,Maharashtra,Pune,Maize,29.8,108.6,1515.0,1354.3,62.5,162.6,0.96,0.94,1600.65,7,Monsoon
2020-07-24,Uttar Pradesh,Lucknow,Rice,23.6,47.1,819.0,1110.0,63.6,173.1,0.85,0.12,1775.3,7,Monsoon
2020-07-25,Karnataka,Bangalore,Sugarcane,26.7,143.5,1158.2,1291.7,35.0,184.2,0.83,0.36,1783.75,7,Monsoon
2020-07-26,Uttar Pradesh,Varanasi,Sugarcane,30.9,66.5,1284.9,1073.7,46.4,157.7,0.57,0.99,1729.6,7,Monsoon
2020-08-04,Bihar,Gaya,Maize,18.3,93.9,1683.5,225.6,58.7,181.7,0.4,0.22,1055.65,8,Monsoon
2020-08-05,Bihar,Bhagalpur,Cotton,20.0,192.7,1330.9,1603.0,51.2,189.4,0.82,0.5,1837.65,8,Monsoon
2020-08-07,Karnataka,Mysore,Sugarcane,24.3,66.0,1543.3,1192.7,41.0,122.7,0.73,0.25,1548.7,8,Monsoon
2020-08-13,Bihar,Bhagalpur,Rice,24.5,214.9,1355.9,1290.0,64.0,135.1,0.42,0.35,1748.05,8,Monsoon
2020-08-17,Uttar Pradesh,Lucknow,Sugarcane,25.7,88.9,1247.3,1156.4,57.5,195.0,0.95,0.4,1594.55,8,Monsoon
2020-08-18,Maharashtra,Pune,Sugarcane,16.2,93.8,630.4,1250.8,52.4,157.0,0.96,0.15,1932.4,8,Monsoon
2020-08-18,Bihar,Gaya,Rice,22.6,214.9,619.6,734.8,66.5,128.9,0.6,0.46,1790.6,8,Monsoon
2020-08-29,Bihar,Bhagalpur,Sugarcane,29.9,70.3,1065.3,1881.1,56.9,188.6,0.76,0.72,2138.1,8,Monsoon
2020-09-02,Bihar,Patna,Wheat,25.2,100.6,1080.1,1457.1,47.2,153.7,0.67,0.04,1897.1,9,Post-Monsoon
2020-09-03,Punjab,Patiala,Maize,18.7,230.3,780.1,1073.5,41.8,168.5,0.12,0.42,2069.1,9,Post-Monsoon
2020-09-03,Karnataka,Mysore,Sugarcane,28.3,139.6,979.9,967.7,71.9,160.2,0.65,0.36,1691.1,9,Post-Monsoon
2020-09-09,Uttar Pradesh,Lucknow,Maize,20.7,237.1,1023.9,1554.7,29.2,111.5,0.57,0.8,2116.0,9,Post-Monsoon
2020-09-09,Maharashtra,Nagpur,Rice,35.2,124.3,1043.6,1799.8,60.1,144.1,0.42,0.46,2177.9,9,Post-Monsoon
2020-09-10,Punjab,Ludhiana,Maize,22.8,40.7,1779.3,972.4,43.2,104.4,0.09,0.34,1517.15,9,Post-Monsoon
2020-09-10,Bihar,Patna,Sugarcane,33.7,108.4,997.3,1152.9,57.9,136.4,0.72,0.59,1805.0,9,Post-Monsoon
2020-09-19,Bihar,Gaya,Wheat,27.3,87.5,714.0,1103.7,55.6,104.0,0.98,0.88,1877.65,9,Post-Monsoon
2020-09-20,Punjab,Ludhiana,Cotton,29.2,110.4,955.2,969.2,45.2,167.9,0.83,0.12,1679.6,9,Post-Monsoon
2020-09-25,Karnataka,Bangalore,Rice,24.4,74.9,1140.6,1377.9,37.5,167.1,0.52,0.6,1947.65,9,Post-Monsoon
2020-09-26,Punjab,Patiala,Sugarcane,16.5,108.9,450.8,2308.6,72.4,130.0,0.75,0.03,2562.1,9,Post-Monsoon
2020-10-03,Maharashtra,Pune,Cotton,13.8,56.1,945.7,583.3,49.3,144.4,0.93,0.74,1515.2,10,Post-Monsoon
2020-10-06,Maharashtra,Pune,Wheat,20.2,57.3,1013.7,979.2,59.1,151.1,0.57,0.66,1759.55,10,Post-Monsoon
2020-10-06,Bihar,Patna,Maize,30.5,106.6,1047.2,1806.0,46.2,166.4,0.16,0.16,2255.0,10,Post-Monsoon
2020-10-10,Uttar Pradesh,Lucknow,Sugarcane,19.2,62.9,721.5,1408.0,60.4,147.2,0.01,0.82,2301.45,10,Post-Monsoon
2020-10-15,Maharashtra,Pune,Sugarcane,26.1,92.4,756.8,1501.8,56.5,93.2,0.12,0.38,2261.5,10,Post-Monsoon
2020-10-20,Punjab,Amritsar,Wheat,23.0,66.5,986.1,1084.5,46.5,183.2,0.18,0.75,1977.2,10,Post-Monsoon
2020-10-22,Karnataka,Mysore,Rice,22.2,124.6,1147.1,988.7,47.7,205.4,0.06,0.07,1814.4,10,Post-Monsoon
2020-10-28,Punjab,Patiala,Sugarcane,22.1,195.5,1331.1,1803.9,43.7,144.9,0.82,0.37,1940.0,10,Post-Monsoon
2020-10-31,Bihar,Bhagalpur,Rice,22.2,136.6,1203.5,1183.2,63.0,153.2,0.3,0.84,1857.85,10,Post-Monsoon
2020-11-09,Bihar,Patna,Wheat,21.4,136.6,1129.3,1285.2,46.6,196.5,0.31,0.32,1923.75,11,Post-Monsoon
2020-11-11,Bihar,Patna,Cotton,29.7,143.0,1106.1,1099.2,55.0,201.6,0.47,0.54,1799.55,11,Post-Monsoon
2020-11-13,Punjab,Ludhiana,Rice,22.9,75.9,1488.0,331.5,55.1,142.3,0.97,0.19,1039.55,11,Post-Monsoon
2020-11-16,Karnataka,Mysore,Rice,33.2,175.1,1109.7,647.1,44.3,136.1,0.65,0.33,1518.1,11,Post-Monsoon
2020-11-26,Karnataka,Mangalore,Rice,17.7,198.3,1588.8,1065.2,53.3,147.8,0.72,0.66,1481.6,11,Post-Monsoon
2020-12-03,Punjab,Amritsar,Sugarcane,26.3,123.5,813.8,1352.8,51.6,122.6,0.02,0.48,2208.3,12,Winter
2020-12-03,Bihar,Patna,Maize,22.0,42.7,1018.8,926.8,45.3,182.3,0.32,0.98,1865.4,12,Winter
2020-12-03,Maharashtra,Pune,Wheat,28.2,51.1,1105.6,1246.5,67.0,191.5,0.61,0.3,1783.45,12,Winter
2020-12-06,Punjab,Ludhiana,Rice,31.3,128.0,899.4,2044.7,56.5,209.3,0.6,0.78,2357.65,12,Winter
2020-12-09,Punjab,Ludhiana,Wheat,22.1,98.8,933.4,774.9,56.5,197.0,0.65,0.48,1660.75,12,Winter
2020-12-11,Uttar Pradesh,Lucknow,Wheat,17.2,152.7,1501.5,1128.6,48.1,181.3,0.04,0.16,1721.35,12,Winter
2021-01-04,Punjab,Patiala,Wheat,27.5,0.1,747.0,1195.3,36.3,135.8,0.42,0.2,2045.55,1,Winter
2021-01-13,Punjab,Amritsar,Maize,23.3,117.6,972.5,1376.0,53.8,180.9,0.74,0.77,1949.15,1,Winter
2021-01-14,Karnataka,Mangalore,Sugarcane,40.5,117.4,1778.1,1344.3,49.2,138.8,0.61,0.6,1561.7,1,Winter
2021-01-19,Bihar,Bhagalpur,Maize,28.0,156.7,616.8,657.9,62.5,146.2,0.24,0.78,1901.55,1,Winter
2021-01-20,Maharashtra,Pune,Sugarcane,33.3,23.0,584.3,1705.5,23.9,161.4,0.07,0.44,2535.8,1,Winter
2021-01-22,Punjab,Amritsar,Sugarcane,24.0,57.6,1462.7,1831.6,43.1,158.3,0.65,0.31,1934.25,1,Winter
2021-01-26,Uttar Pradesh,Lucknow,Sugarcane,30.2,85.2,1005.1,1167.2,33.8,196.4,0.24,0.23,1964.45,1,Winter
2021-01-27,Punjab,Amritsar,Maize,24.2,149.8,822.6,516.7,41.1,162.7,0.45,0.59,1688.85,1,Winter
2021-02-01,Uttar Pradesh,Lucknow,Cotton,18.5,24.4,509.0,1622.0,64.9,155.3,0.71,0.45,2258.7,2,Winter
2021-02-01,Maharashtra,Pune,Sugarcane,25.9,154.5,845.1,1215.5,37.6,168.9,0.18,0.09,2065.0,2,Winter
2021-02-03,Karnataka,Bangalore,Sugarcane,26.0,55.3,735.7,1765.6,69.7,143.6,0.02,0.32,2401.55,2,Winter
2021-02-04,Karnataka,Bangalore,Wheat,25.3,120.0,1044.4,614.0,54.3,87.4,0.13,0.13,1650.2,2,Winter
2021-02-04,Bihar,Bhagalpur,Maize,21.3,125.3,1180.0,916.5,45.4,132.2,0.96,0.26,1515.45,2,Winter
2021-02-05,Uttar Pradesh,Lucknow,Maize,24.5,98.7,1200.5,1019.1,53.7,165.2,0.11,0.8,1848.9,2,Winter
2021-02-06,Karnataka,Bangalore,Maize,25.9,137.6,1251.8,1835.4,40.1,136.8,0.6,0.32,2063.6,2,Winter
2021-02-07,Punjab,Ludhiana,Maize,23.3,110.3,818.7,1085.7,62.2,170.8,0.93,0.44,1774.1,2,Winter
2021-02-10,Maharashtra,Pune,Maize,28.9,80.4,559.3,885.3,36.6,184.9,0.63,0.61,1961.8,2,Winter
2021-02-11,Maharashtra,Nagpur,Maize,14.9,153.6,1663.7,1589.2,28.5,203.0,0.01,0.59,1961.75,2,Winter
2021-02-22,Bihar,Gaya,Sugarcane,27.3,47.5,1000.8,1767.2,56.2,151.8,0.85,0.91,2106.8,2,Winter
2021-03-07,Maharashtra,Pune,Wheat,25.4,40.9,955.0,628.0,60.2,84.4,0.75,0.72,1563.1,3,Summer
2021-03-13,Punjab,Patiala,Maize,31.6,104.3,1275.0,1144.1,38.1,195.9,0.2,0.48,1846.35,3,Summer
2021-03-17,Bihar,Bhagalpur,Maize,22.7,78.6,1138.5,2021.5,55.2,156.2,0.53,0.58,2230.1,3,Summer
2021-03-19,Punjab,Ludhiana,Wheat,26.3,76.0,1094.9,1176.8,50.9,189.4,0.12,0.86,1989.15,3,Summer
2021-03-28,Uttar Pradesh,Varanasi,Wheat,22.3,125.7,1284.7,968.3,41.8,145.5,0.82,0.37,1549.2,3,Summer
2021-03-28,Uttar Pradesh,Lucknow,Sugarcane,20.0,103.4,1763.8,1344.6,55.8,184.8,0.17,0.36,1663.8,3,Summer
2021-03-28,Bihar,Patna,Wheat,25.9,113.3,514.5,1331.3,60.7,122.6,0.85,0.67,2099.0,3,Summer
2021-03-31,Maharashtra,Pune,Cotton,27.9,134.1,926.6,805.4,45.5,132.4,0.87,0.47,1634.4,3,Summer
2021-04-04,Uttar Pradesh,Kanpur,Rice,18.4,107.2,681.0,941.0,55.6,114.3,0.26,0.63,2003.8,4,Summer
2021-04-04,Uttar Pradesh,Varanasi,Wheat,28.3,22.5,814.7,1863.8,67.1,137.6,0.02,0.34,2418.35,4,Summer
2021-04-08,Uttar Pradesh,Lucknow,Wheat,26.9,160.2,1204.4,1104.3,42.5,176.0,0.65,0.6,1729.95,4,Summer
2021-04-11,Punjab,Amritsar,Rice,16.6,37.3,1348.6,657.0,62.4,143.6,0.67,0.07,1335.4,4,Summer
2021-04-14,Karnataka,Mysore,Sugarcane,18.3,141.2,1506.9,1504.7,47.5,103.9,0.19,0.05,1851.9,4,Summer
2021-04-15,Punjab,Ludhiana,Rice,17.5,33.5,996.3,1239.7,58.7,96.1,0.09,0.96,2073.3,4,Summer
2021-04-17,Uttar Pradesh,Lucknow,Rice,31.6,134.7,901.9,783.6,62.5,141.0,0.0,0.3,1845.85,4,Summer
2021-04-18,Uttar Pradesh,Kanpur,Sugarcane,24.9,119.2,726.0,1101.2,58.7,172.9,0.24,0.67,2065.2,4,Summer
2021-04-19,Uttar Pradesh,Varanasi,Cotton,23.8,80.2,1127.6,1317.5,51.6,224.0,0.16,0.06,1949.75,4,Summer
2021-04-21,Bihar,Patna,Sugarcane,23.5,79.6,653.0,661.8,37.8,128.4,0.51,0.83,1858.8,4,Summer
2021-04-29,Punjab,Patiala,Maize,26.0,95.2,1109.6,1690.7,30.1,186.6,0.5,0.4,2120.35,4,Summer
2021-05-02,Uttar Pradesh,Kanpur,Maize,36.0,134.0,1111.9,1900.7,43.0,163.0,0.21,0.82,2327.4,5,Summer
2021-05-03,Uttar Pradesh,Varanasi,Maize,22.8,72.8,1026.2,1391.3,51.2,171.3,0.48,0.31,1967.15,5,Summer
2021-05-04,Bihar,Bhagalpur,Rice,19.9,115.1,1086.1,1159.5,55.1,179.9,0.12,0.48,1938.5,5,Summer
2021-05-07,Uttar Pradesh,Lucknow,Cotton,17.1,101.8,1072.6,860.7,57.3,136.2,0.0,0.02,1781.45,5,Summer
2021-05-11,Uttar Pradesh,Varanasi,Rice,16.7,162.8,1343.2,494.5,44.4,132.0,0.48,0.75,1417.85,5,Summer
2021-05-17,Maharashtra,Pune,Sugarcane,17.5,144.1,630.8,1108.9,42.3,133.2,0.69,0.62,2009.45,5,Summer
2021-05-17,Uttar Pradesh,Lucknow,Maize,18.6,131.3,780.2,954.4,54.9,119.2,0.85,0.72,1794.3,5,Summer
2021-05-23,Punjab,Ludhiana,Wheat,22.8,166.4,618.2,1670.9,30.6,231.0,0.18,0.39,2450.15,5,Summer
2021-05-24,Uttar Pradesh,Kanpur,Wheat,23.8,47.7,1116.1,1678.7,40.1,167.4,0.62,0.32,2047.1,5,Summer
2021-05-25,Bihar,Patna,Maize,27.1,153.8,963.3,1047.7,58.2,110.8,0.5,0.27,1802.8,5,Summer
2021-05-26,Uttar Pradesh,Kanpur,Rice,23.1,127.7,1327.5,1386.6,60.1,159.6,0.39,0.96,1888.35,5,Summer
2021-05-27,Bihar,Gaya,Sugarcane,27.3,108.3,1097.6,1141.6,58.1,128.7,0.83,0.5,1706.8,5,Summer
2021-06-01,Maharashtra,Pune,Cotton,20.3,-8.1,1109.9,1110.1,60.1,146.1,0.11,0.99,1945.9,6,Monsoon
2021-06-04,Uttar Pradesh,Varanasi,Rice,22.0,96.2,1327.9,1401.4,25.7,155.6,0.46,0.99,1946.35,6,Monsoon
2021-06-08,Karnataka,Bangalore,Maize,21.9,159.7,1373.2,428.9,42.0,145.7,0.51,0.9,1380.85,6,Monsoon
2021-06-08,Maharashtra,Pune,Sugarcane,21.6,135.5,936.6,1158.9,49.7,167.2,0.9,0.32,1773.75,6,Monsoon
2021-06-21,Uttar Pradesh,Kanpur,Cotton,24.6,46.6,989.0,844.7,50.4,174.9,0.62,0.16,1657.05,6,Monsoon
2021-06-24,Bihar,Patna,Rice,20.9,110.1,1258.1,454.7,38.9,138.9,0.27,0.93,1532.5,6,Monsoon
2021-06-30,Bihar,Patna,Cotton,24.8,202.1,636.3,1597.4,46.5,166.5,0.54,0.64,2289.55,6,Monsoon
2021-07-04,Punjab,Patiala,Wheat,26.9,180.0,1337.4,920.2,52.9,98.5,0.73,0.11,1477.6,7,Monsoon
2021-07-04,Uttar Pradesh,Lucknow,Maize,22.0,113.7,996.0,1387.7,45.8,121.8,0.41,0.76,2057.25,7,Monsoon
2021-07-10,Punjab,Ludhiana,Maize,28.3,171.8,1048.8,900.3,48.2,180.5,0.16,0.56,1837.35,7,Monsoon
2021-07-13,Uttar Pradesh,Varanasi,Sugarcane,28.0,138.5,893.4,1413.6,52.5,144.1,0.66,0.31,1988.1,7,Monsoon
2021-07-16,Punjab,Patiala,Maize,28.8,129.2,1463.4,1530.8,56.9,83.6,0.52,0.85,1848.9,7,Monsoon
2021-07-16,Maharashtra,Pune,Cotton,26.6,116.0,1232.1,1592.8,56.3,164.3,0.47,0.5,1976.75,7,Monsoon
2021-07-17,Punjab,Patiala,Maize,23.6,52.9,1363.2,1416.7,45.4,139.3,0.66,0.0,1737.95,7,Monsoon
2021-07-17,Karnataka,Mysore,Sugarcane,23.0,79.4,566.6,618.6,50.3,182.3,0.72,0.1,1719.4,7,Monsoon
2021-07-18,Karnataka,Mysore,Cotton,28.7,50.3,994.0,966.7,66.1,196.9,0.02,0.32,1880.15,7,Monsoon
2021-07-19,Bihar,Patna,Wheat,20.0,119.3,1320.3,1496.9,50.8,189.2,0.37,0.12,1887.7,7,Monsoon
2021-07-19,Karnataka,Mysore,Rice,20.6,139.1,825.2,1140.1,56.2,170.9,0.73,0.3,1856.05,7,Monsoon
2021-07-23,Maharashtra,Nashik,Rice,27.3,45.9,601.7,1194.5,58.5,176.3,0.95,0.2,1914.4,7,Monsoon
2021-07-23,Maharashtra,Nagpur,Maize,26.8,102.4,1153.5,900.6,66.9,200.2,0.7,0.93,1622.75,7,Monsoon
2021-07-28,Karnataka,Bangalore,Sugarcane,22.9,126.4,792.6,421.7,22.9,126.0,0.94,0.71,1557.75,7,Monsoon
2021-07-31,Karnataka,Bangalore,Sugarcane,22.6,107.1,917.7,850.2,49.5,174.4,0.01,0.28,1892.25,7,Monsoon
2021-08-03,Maharashtra,Nagpur,Sugarcane,20.2,52.3,679.2,522.2,45.2,171.4,0.16,0.85,1868.1,8,Monsoon
2021-08-09,Maharashtra,Nagpur,Rice,25.6,75.6,415.6,1474.3,60.7,128.2,0.09,0.24,2404.95,8,Monsoon
2021-08-15,Uttar Pradesh,Varanasi,Maize,26.8,184.5,1347.9,1068.1,55.4,187.6,0.49,0.98,1700.3,8,Monsoon
2021-08-23,Karnataka,Bangalore,Wheat,27.2,64.8,832.8,827.6,53.1,146.1,0.97,0.18,1618.2,8,Monsoon
2021-08-29,Uttar Pradesh,Lucknow,Sugarcane,20.9,91.8,1141.0,1870.1,60.1,81.5,0.79,0.55,2062.35,8,Monsoon
2021-08-31,Uttar Pradesh,Lucknow,Cotton,18.3,127.6,929.0,1602.6,54.0,123.5,0.22,0.1,2172.8,8,Monsoon
2021-09-04,Uttar Pradesh,Varanasi,Sugarcane,24.4,156.0,747.2,1551.1,47.0,156.7,0.36,0.98,2297.95,9,Post-Monsoon
2021-09-04,Karnataka,Bangalore,Maize,24.9,172.9,1252.7,1073.0,65.8,158.2,0.75,0.02,1555.55,9,Post-Monsoon
2021-09-15,Bihar,Bhagalpur,Maize,26.8,58.1,850.8,959.0,50.9,169.2,0.75,0.56,1783.3,9,Post-Monsoon
2021-09-17,Maharashtra,Nagpur,Maize,20.6,105.7,615.1,877.3,62.6,136.1,0.37,0.45,1939.9,9,Post-Monsoon
2021-09-19,Punjab,Amritsar,Cotton,20.9,89.7,592.8,1108.0,62.7,128.8,0.28,0.31,2079.2,9,Post-Monsoon
2021-09-19,Bihar,Patna,Maize,19.3,126.8,1014.6,1534.9,70.2,95.1,0.17,0.61,2129.75,9,Post-Monsoon
2021-09-24,Maharashtra,Nagpur,Sugarcane,28.9,86.4,1008.2,750.9,45.7,152.7,0.36,0.73,1744.95,9,Post-Monsoon
2021-09-25,Maharashtra,Pune,Rice,22.2,147.2,742.2,1599.8,49.9,159.1,0.12,0.73,2366.0,9,Post-Monsoon
2021-09-27,Uttar Pradesh,Varanasi,Sugarcane,26.9,61.4,849.4,1395.5,52.9,147.8,0.34,0.3,2095.25,9,Post-Monsoon
2021-10-01,Maharashtra,Nagpur,Sugarcane,26.4,136.6,667.1,906.1,51.3,153.4,0.53,0.24,1881.9,10,Post-Monsoon
2021-10-02,Punjab,Amritsar,Rice,22.0,182.1,1074.8,1347.5,54.5,113.6,0.44,0.58,1953.35,10,Post-Monsoon
2021-10-03,Punjab,Patiala,Cotton,29.0,130.9,856.9,1433.3,46.8,129.7,0.0,0.68,2262.6,10,Post-Monsoon
2021-10-04,Uttar Pradesh,Lucknow,Rice,27.3,49.7,932.7,992.0,46.6,163.0,0.36,0.07,1835.45,10,Post-Monsoon
2021-10-07,Uttar Pradesh,Kanpur,Sugarcane,22.5,172.2,1102.8,1277.0,56.8,132.2,0.06,0.9,2045.5,10,Post-Monsoon
2021-10-08,Karnataka,Mysore,Wheat,29.3,117.3,531.7,700.2,44.3,110.4,0.13,0.41,1997.65,10,Post-Monsoon
2021-10-09,Punjab,Amritsar,Wheat,24.5,170.6,985.2,1094.0,53.9,129.1,0.97,0.83,1738.6,10,Post-Monsoon
2021-10-10,Maharashtra,Nagpur,Rice,29.2,124.8,1011.7,1254.0,70.4,178.3,0.53,0.64,1885.35,10,Post-Monsoon
2021-10-15,Karnataka,Bangalore,Maize,17.6,86.9,489.9,1384.9,57.5,123.4,0.6,0.06,2158.5,10,Post-Monsoon
2021-10-17,Punjab,Patiala,Wheat,19.0,36.3,1371.6,1240.1,44.4,99.2,0.27,0.79,1843.45,10,Post-Monsoon
2021-10-18,Bihar,Gaya,Sugarcane,34.3,143.0,757.6,949.6,67.2,147.5,0.53,0.03,1805.6,10,Post-Monsoon
2021-10-20,Bihar,Patna,Maize,22.4,112.1,977.3,1506.4,46.1,123.5,0.16,0.17,2141.35,10,Post-Monsoon
2021-10-21,Punjab,Ludhiana,Cotton,24.6,131.7,1174.0,1619.9,41.9,161.7,0.23,0.79,2149.15,10,Post-Monsoon
2021-10-25,Karnataka,Bangalore,Sugarcane,24.0,12.5,1272.1,1124.6,58.1,156.2,0.24,0.47,1785.05,10,Post-Monsoon
2021-11-12,Uttar Pradesh,Lucknow,Rice,17.9,-29.7,831.2,1997.4,37.1,71.1,0.59,0.54,2385.9,11,Post-Monsoon
2021-11-12,Karnataka,Mangalore,Rice,26.5,114.4,907.0,572.0,35.5,140.5,0.4,0.04,1645.5,11,Post-Monsoon
2021-11-14,Karnataka,Bangalore,Wheat,29.1,70.9,1254.9,998.6,60.4,152.6,0.57,0.03,1583.05,11,Post-Monsoon
2021-11-14,Uttar Pradesh,Varanasi,Cotton,23.5,105.7,1227.4,1169.5,46.3,116.3,0.73,0.88,1747.45,11,Post-Monsoon
2021-11-15,Punjab,Patiala,Wheat,19.1,141.8,640.5,1560.2,56.9,162.6,0.0,0.72,2418.05,11,Post-Monsoon
2021-11-16,Karnataka,Mangalore,Wheat,23.1,128.8,1322.9,1407.3,43.3,158.0,0.6,0.55,1830.6,11,Post-Monsoon
2021-11-17,Punjab,Amritsar,Rice,24.0,142.9,1340.3,915.7,67.8,118.0,0.65,0.89,1546.1,11,Post-Monsoon
2021-11-18,Uttar Pradesh,Lucknow,Maize,25.3,227.3,909.6,1088.9,63.3,172.9,0.53,0.83,1887.05,11,Post-Monsoon
2021-11-27,Maharashtra,Pune,Sugarcane,26.6,195.0,749.2,1164.0,58.0,144.1,0.81,0.22,1870.4,11,Post-Monsoon
2021-11-29,Bihar,Bhagalpur,Sugarcane,31.7,93.0,949.4,973.3,47.0,182.5,0.08,0.54,1947.95,11,Post-Monsoon
2021-11-30,Maharashtra,Pune,Sugarcane,26.3,152.6,831.4,735.0,71.9,108.6,0.76,0.1,1590.0,11,Post-Monsoon
2021-11-30,Uttar Pradesh,Lucknow,Wheat,23.6,96.3,1173.1,362.9,37.3,151.3,0.65,0.04,1329.3,11,Post-Monsoon
2021-12-03,Punjab,Ludhiana,Wheat,26.1,-5.8,1382.1,1025.6,41.3,156.3,0.85,0.53,1537.15,12,Winter
2021-12-04,Maharashtra,Pune,Sugarcane,26.4,157.9,718.5,1249.7,38.9,152.9,0.1,0.21,2178.8,12,Winter
2021-12-10,Karnataka,Bangalore,Maize,24.3,136.8,517.8,885.1,49.6,114.6,0.13,0.84,2129.45,12,Winter
2021-12-20,Punjab,Amritsar,Cotton,18.0,27.3,212.9,772.8,50.1,154.7,0.09,0.61,2213.75,12,Winter
2021-12-26,Uttar Pradesh,Varanasi,Rice,24.9,119.9,619.6,1243.2,56.6,135.3,0.36,0.83,2173.6,12,Winter
2021-12-27,Bihar,Bhagalpur,Maize,20.7,127.8,1610.0,1229.9,56.3,134.7,0.54,0.17,1552.35,12,Winter
2021-12-30,Karnataka,Mysore,Cotton,26.6,82.1,1189.3,971.1,41.0,181.8,0.33,0.79,1788.9,12,Winter
2021-12-30,Karnataka,Bangalore,Cotton,33.6,85.6,1025.4,1170.4,55.2,158.1,0.13,0.59,1982.1,12,Winter
2022-01-10,Punjab,Patiala,Maize,16.6,157.1,836.4,1182.8,53.3,198.9,0.06,0.68,2116.6,1,Winter
2022-01-12,Uttar Pradesh,Lucknow,Sugarcane,22.4,98.1,727.2,1210.1,49.5,199.2,0.3,0.49,2101.45,1,Winter
2022-01-17,Uttar Pradesh,Lucknow,Cotton,38.4,147.8,1624.7,794.9,47.8,170.2,0.73,0.89,1359.5,1,Winter
2022-01-18,Maharashtra,Nashik,Cotton,14.0,14.4,1455.3,1793.4,48.9,191.7,1.0,0.06,1777.25,1,Winter
2022-01-19,Uttar Pradesh,Varanasi,Wheat,19.9,60.3,669.3,902.5,57.2,124.1,0.76,0.93,1867.2,1,Winter
2022-01-21,Uttar Pradesh,Varanasi,Maize,36.2,123.0,1325.4,1371.5,62.1,124.0,0.53,0.79,1818.85,1,Winter
2022-01-28,Karnataka,Mysore,Cotton,31.0,28.0,1054.2,1250.8,43.8,159.4,0.4,0.72,1962.7,1,Winter
2022-02-02,Maharashtra,Nashik,Maize,29.8,43.6,1632.8,1474.6,67.3,170.2,0.01,0.1,1793.3,2,Winter
2022-02-02,Uttar Pradesh,Varanasi,Cotton,27.0,139.6,959.1,633.8,54.5,127.3,0.67,0.21,1548.35,2,Winter
2022-02-05,Karnataka,Mangalore,Sugarcane,23.6,151.4,763.3,1035.2,61.5,158.4,0.55,0.22,1869.95,2,Winter
2022-02-05,Maharashtra,Nashik,Sugarcane,32.4,76.1,1179.4,902.7,48.6,182.7,0.82,0.55,1573.45,2,Winter
2022-02-08,Maharashtra,Pune,Rice,27.1,210.9,530.5,1124.0,39.2,119.5,0.56,0.12,2062.35,2,Winter
2022-02-12,Karnataka,Mangalore,Rice,26.1,121.4,663.1,1086.5,40.4,178.1,0.4,0.1,2020.9,2,Winter
2022-02-14,Maharashtra,Nashik,Wheat,27.8,69.2,1208.2,1758.6,51.9,177.0,0.47,0.34,2064.4,2,Winter
2022-02-15,Bihar,Gaya,Wheat,25.9,47.4,1062.3,1571.0,31.2,114.3,0.94,0.68,1977.95,2,Winter
2022-02-18,Bihar,Bhagalpur,Cotton,28.7,105.5,1138.5,1516.2,45.9,131.7,0.88,0.18,1851.05,2,Winter
2022-02-23,Punjab,Amritsar,Sugarcane,21.7,80.3,1119.3,1255.2,48.1,97.8,0.63,1.0,1882.75,2,Winter
2022-02-28,Punjab,Patiala,Rice,25.0,51.5,1294.9,1091.9,40.0,148.2,0.63,0.77,1706.5,2,Winter
2022-03-01,Karnataka,Mangalore,Sugarcane,26.1,33.7,1486.5,982.4,59.3,140.2,0.73,0.65,1475.35,3,Summer
2022-03-02,Uttar Pradesh,Kanpur,Rice,28.2,137.8,970.5,1048.1,51.4,139.8,0.47,0.58,1853.0,3,Summer
2022-03-05,Uttar Pradesh,Kanpur,Cotton,30.0,125.9,1069.0,1718.0,53.0,131.0,0.24,0.91,2237.5,3,Summer
2022-03-06,Maharashtra,Pune,Maize,27.5,140.7,742.3,1618.4,47.5,163.3,0.72,0.88,2215.05,3,Summer
2022-03-08,Karnataka,Mangalore,Cotton,24.5,75.6,919.3,1747.8,41.3,128.4,0.13,0.86,2378.65,3,Summer
2022-03-11,Maharashtra,Nagpur,Wheat,21.2,106.8,542.6,726.3,47.4,111.4,0.33,0.34,1932.05,3,Summer
2022-03-12,Karnataka,Mangalore,Cotton,20.8,136.6,1286.7,1871.7,68.8,173.6,0.55,0.88,2077.9,3,Summer
2022-03-15,Karnataka,Mangalore,Wheat,27.6,197.2,1111.4,1603.6,40.7,130.0,0.15,0.9,2209.7,3,Summer
2022-03-16,Punjab,Ludhiana,Maize,26.6,107.5,814.0,2042.6,51.7,136.7,0.58,0.99,2435.9,3,Summer
2022-03-26,Bihar,Gaya,Cotton,25.9,20.3,1387.6,1672.1,64.7,159.8,0.2,0.73,2025.85,3,Summer
2022-03-26,Bihar,Gaya,Maize,29.2,112.6,861.9,1502.7,59.0,151.8,0.16,0.64,2218.4,3,Summer
2022-03-26,Maharashtra,Pune,Maize,31.2,55.1,788.4,1221.8,61.1,183.4,0.93,0.5,1865.5,3,Summer
2022-03-26,Karnataka,Mysore,Rice,16.6,64.0,790.3,1638.3,56.5,155.5,0.76,0.55,2138.0,3,Summer
2022-04-01,Punjab,Ludhiana,Sugarcane,24.1,34.3,1326.2,1263.6,59.5,148.7,0.67,0.14,1662.7,4,Summer
2022-04-02,Maharashtra,Nashik,Wheat,25.1,109.2,1485.0,815.5,52.9,125.4,0.5,0.41,1450.45,4,Summer
2022-04-07,Uttar Pradesh,Lucknow,Wheat,25.2,131.2,934.7,678.8,41.8,189.5,0.7,0.4,1618.45,4,Summer
2022-04-10,Punjab,Amritsar,Cotton,30.2,84.1,781.3,1566.8,47.6,103.6,0.78,0.96,2159.55,4,Summer
2022-04-11,Punjab,Patiala,Rice,27.8,120.9,1341.3,1322.4,44.5,188.1,0.55,0.8,1816.55,4,Summer
2022-04-13,Punjab,Patiala,Wheat,25.3,33.8,817.7,1466.3,44.4,106.3,0.89,0.0,1968.5,4,Summer
2022-04-15,Uttar Pradesh,Varanasi,Cotton,42.5,26.8,1677.0,1092.4,49.2,129.8,0.28,0.62,1587.3,4,Summer
2022-04-17,Uttar Pradesh,Kanpur,Cotton,15.8,180.5,758.8,1461.1,39.1,171.3,0.43,0.72,2215.95,4,Summer
2022-04-20,Karnataka,Mangalore,Sugarcane,15.3,184.4,1277.9,1034.3,47.8,116.7,0.9,0.85,1597.6,4,Summer
2022-05-03,Maharashtra,Nagpur,Wheat,32.1,73.3,574.4,1274.8,41.4,119.1,0.59,0.03,2093.4,5,Summer
2022-05-03,Bihar,Bhagalpur,Cotton,18.1,169.3,1203.1,1072.1,41.0,147.3,0.83,0.05,1608.5,5,Summer
2022-05-04,Uttar Pradesh,Lucknow,Rice,29.5,137.2,1317.6,1031.9,20.8,187.4,0.05,0.29,1829.55,5,Summer
2022-05-06,Maharashtra,Pune,Maize,24.2,133.3,1500.8,2052.0,43.5,154.0,0.36,0.72,2152.6,5,Summer
2022-05-10,Uttar Pradesh,Lucknow,Sugarcane,22.1,70.6,991.6,1123.0,44.1,121.0,0.73,0.64,1822.5,5,Summer
2022-05-10,Karnataka,Mysore,Cotton,32.4,75.9,1256.1,1282.7,44.3,172.0,0.27,0.13,1856.7,5,Summer
2022-05-13,Karnataka,Mangalore,Cotton,18.1,76.8,1076.2,1749.1,46.5,118.9,0.41,0.75,2195.45,5,Summer
2022-05-13,Maharashtra,Nagpur,Cotton,16.3,106.7,902.6,2005.1,54.8,145.6,0.63,0.13,2265.65,5,Summer
2022-05-16,Maharashtra,Nashik,Wheat,32.3,115.6,745.8,1388.6,49.5,163.5,0.16,0.18,2192.4,5,Summer
2022-05-20,Maharashtra,Pune,Wheat,22.9,147.1,889.5,1039.1,40.6,163.6,0.12,0.76,2033.6,5,Summer
2022-05-21,Bihar,Bhagalpur,Cotton,21.5,193.8,435.9,1372.6,62.9,48.4,0.39,0.91,2316.55,5,Summer
2022-05-21,Bihar,Gaya,Rice,26.3,83.8,1322.6,1327.1,51.3,123.0,0.5,0.71,1820.65,5,Summer
2022-05-26,Uttar Pradesh,Kanpur,Maize,36.4,196.4,466.5,970.8,39.6,148.6,0.96,0.71,1955.95,5,Summer
2022-05-27,Bihar,Patna,Cotton,25.9,111.5,1316.2,1722.8,59.7,133.2,0.5,0.07,1940.9,5,Summer
2022-05-28,Maharashtra,Nashik,Wheat,27.1,90.8,596.4,1438.7,46.1,137.3,0.02,0.39,2361.95,5,Summer
2022-05-28,Maharashtra,Pune,Cotton,23.2,36.0,966.3,1446.0,52.6,178.4,0.25,0.36,2095.65,5,Summer
2022-05-30,Punjab,Amritsar,Sugarcane,23.8,69.3,846.9,1274.1,45.0,112.5,0.98,0.78,1907.6,5,Summer
2022-06-02,Uttar Pradesh,Lucknow,Sugarcane,22.2,117.0,1201.4,1431.5,54.2,145.0,0.91,0.01,1734.65,6,Monsoon
2022-06-02,Maharashtra,Nashik,Wheat,27.0,97.9,1033.9,871.2,50.4,161.4,0.19,0.58,1818.85,6,Monsoon
2022-06-10,Punjab,Amritsar,Cotton,25.5,27.8,1052.1,954.5,67.1,153.6,0.63,0.55,1683.0,6,Monsoon
2022-06-15,Bihar,Gaya,Wheat,20.9,121.8,644.2,1320.7,67.7,131.2,0.46,0.09,2073.85,6,Monsoon
2022-06-15,Punjab,Ludhiana,Sugarcane,35.2,138.6,728.5,1709.3,33.4,214.1,0.67,0.58,2280.6,6,Monsoon
2022-06-16,Punjab,Ludhiana,Wheat,16.8,108.5,959.8,847.6,37.0,165.2,0.94,0.01,1588.9,6,Monsoon
2022-06-21,Karnataka,Bangalore,Maize,28.0,165.0,849.0,1150.4,36.2,196.2,0.94,0.54,1850.3,6,Monsoon
2022-06-30,Maharashtra,Nashik,Rice,28.8,173.0,750.6,1444.2,49.7,213.2,0.74,0.33,2058.4,6,Monsoon
2022-07-02,Maharashtra,Pune,Wheat,26.8,114.9,1016.2,1671.3,52.6,104.3,0.67,0.7,2091.35,7,Monsoon
2022-07-09,Maharashtra,Nagpur,Wheat,27.9,43.6,708.1,542.9,54.6,109.5,0.59,0.37,1668.2,7,Monsoon
2022-07-16,Bihar,Gaya,Rice,28.8,83.3,959.8,357.4,59.2,129.2,0.4,0.51,1511.4,7,Monsoon
2022-07-17,Punjab,Ludhiana,Rice,29.9,62.4,587.2,1081.1,44.0,182.2,0.87,0.92,1989.95,7,Monsoon
2022-07-18,Bihar,Patna,Cotton,22.9,168.1,1099.0,1513.0,50.0,188.2,0.54,0.14,1959.0,7,Monsoon
2022-07-24,Maharashtra,Pune,Wheat,23.0,169.8,1449.7,1200.1,37.1,162.8,0.59,0.41,1665.0,7,Monsoon
2022-08-09,Punjab,Patiala,Wheat,22.6,98.5,795.7,884.4,57.4,145.2,0.11,0.52,1948.55,8,Monsoon
2022-08-12,Karnataka,Bangalore,Maize,29.3,147.9,937.3,1643.8,49.0,173.4,0.55,0.25,2115.25,8,Monsoon
2022-08-12,Karnataka,Mysore,Cotton,23.6,107.8,1033.2,1244.0,56.2,133.0,0.79,0.63,1819.0,8,Monsoon
2022-08-13,Uttar Pradesh,Varanasi,Rice,17.9,61.0,778.4,817.8,45.3,181.0,0.52,0.79,1852.1,8,Monsoon
2022-08-13,Punjab,Patiala,Wheat,23.4,140.1,290.8,830.7,26.8,118.0,0.72,0.38,2038.35,8,Monsoon
2022-08-14,Bihar,Patna,Maize,11.2,79.2,1185.9,1343.8,64.6,154.8,0.3,0.54,1913.75,8,Monsoon
2022-08-15,Bihar,Gaya,Rice,20.1,10.9,1171.8,1322.0,53.1,123.6,0.58,0.12,1806.9,8,Monsoon
2022-08-15,Uttar Pradesh,Lucknow,Rice,21.7,49.0,847.5,968.7,41.3,113.2,0.75,0.57,1810.0,8,Monsoon
2022-08-15,Uttar Pradesh,Varanasi,Wheat,24.8,111.1,1160.9,1328.3,41.5,201.6,0.75,0.2,1795.7,8,Monsoon
2022-08-17,Maharashtra,Nashik,Rice,27.7,2.1,892.3,1219.8,51.3,159.0,0.5,0.93,2004.15,8,Monsoon
2022-08-18,Uttar Pradesh,Lucknow,Wheat,26.8,97.8,694.8,1211.3,57.5,183.3,0.77,0.95,2007.25,8,Monsoon
2022-08-19,Uttar Pradesh,Lucknow,Maize,27.7,166.7,1125.7,1502.4,59.4,143.3,0.22,0.71,2074.55,8,Monsoon
2022-08-29,Maharashtra,Nashik,Rice,26.7,128.9,1315.3,1487.3,60.6,147.0,0.2,0.13,1917.8,8,Monsoon
2022-08-30,Uttar Pradesh,Lucknow,Rice,26.3,9.6,1399.5,1215.4,45.8,74.1,0.01,0.41,1854.35,8,Monsoon
2022-09-02,Uttar Pradesh,Lucknow,Wheat,20.5,66.3,992.0,994.1,55.7,127.5,0.85,0.55,1689.65,9,Post-Monsoon
2022-09-07,Karnataka,Mysore,Wheat,24.8,117.8,1087.8,1202.8,49.3,132.9,0.07,0.73,2010.9,9,Post-Monsoon
2022-09-08,Punjab,Amritsar,Maize,32.7,140.6,564.2,711.0,48.7,138.1,0.93,0.38,1735.0,9,Post-Monsoon
2022-09-18,Maharashtra,Pune,Rice,26.6,115.3,1433.9,713.9,51.0,132.6,0.43,0.55,1464.0,9,Post-Monsoon
2022-09-19,Bihar,Gaya,Rice,14.2,115.2,1337.9,1470.6,42.0,195.2,0.66,0.35,1819.35,9,Post-Monsoon
2022-09-19,Karnataka,Bangalore,Wheat,19.5,82.4,1191.8,686.8,64.7,139.3,0.85,0.54,1417.1,9,Post-Monsoon
2022-09-22,Karnataka,Bangalore,Rice,21.0,153.0,1492.2,970.5,63.7,97.2,0.19,0.6,1614.75,9,Post-Monsoon
2022-09-23,Karnataka,Mangalore,Sugarcane,29.7,143.0,1623.2,1697.4,48.3,117.5,0.45,0.96,1901.5,9,Post-Monsoon
2022-09-29,Karnataka,Mangalore,Cotton,32.8,-8.3,1656.4,1386.2,41.9,172.0,0.53,0.83,1705.1,9,Post-Monsoon
2022-09-30,Karnataka,Mysore,Rice,16.2,85.3,1311.8,1373.8,48.4,189.2,0.98,0.79,1719.2,9,Post-Monsoon
2022-10-05,Bihar,Bhagalpur,Cotton,28.7,140.8,876.8,1022.4,33.0,142.2,0.42,0.89,1969.8,10,Post-Monsoon
2022-10-08,Karnataka,Mangalore,Wheat,27.2,155.6,1111.8,1364.7,36.4,140.3,0.51,0.74,1974.65,10,Post-Monsoon
2022-10-09,Bihar,Bhagalpur,Wheat,34.5,63.8,1070.2,1066.1,55.9,176.9,0.97,0.83,1678.15,10,Post-Monsoon
2022-10-09,Uttar Pradesh,Kanpur,Maize,28.0,152.1,996.0,1133.3,32.4,169.2,0.32,0.96,2003.85,10,Post-Monsoon
2022-10-11,Punjab,Patiala,Wheat,24.0,98.2,929.1,1015.2,52.4,164.5,0.31,0.13,1858.25,10,Post-Monsoon
2022-10-13,Bihar,Gaya,Rice,24.0,100.2,961.5,1430.9,33.5,105.7,0.07,0.64,2210.7,10,Post-Monsoon
2022-10-13,Bihar,Gaya,Rice,29.4,158.5,1070.1,824.8,60.5,156.0,0.38,0.37,1679.35,10,Post-Monsoon
2022-10-14,Karnataka,Mysore,Rice,32.6,167.6,244.9,724.8,61.4,149.4,0.46,0.94,2073.15,10,Post-Monsoon
2022-10-16,Uttar Pradesh,Varanasi,Cotton,28.3,100.3,868.7,1570.6,52.0,169.6,0.05,0.64,2295.95,10,Post-Monsoon
2022-10-17,Uttar Pradesh,Kanpur,Wheat,33.0,117.7,893.5,1647.4,36.8,217.1,0.95,0.06,2024.35,10,Post-Monsoon
2022-10-18,Maharashtra,Nashik,Sugarcane,24.1,36.6,1571.8,1037.9,52.4,171.5,0.95,0.88,1431.25,10,Post-Monsoon
2022-10-22,Bihar,Gaya,Sugarcane,30.9,115.0,805.8,1276.6,45.8,157.5,0.59,0.7,2036.8,10,Post-Monsoon
2022-10-25,Karnataka,Mangalore,Wheat,26.0,136.9,1243.0,822.7,50.4,226.9,0.98,0.68,1463.05,10,Post-Monsoon
2022-11-04,Uttar Pradesh,Kanpur,Maize,31.1,74.8,819.0,977.2,58.7,198.2,0.62,0.94,1869.7,11,Post-Monsoon
2022-11-10,Uttar Pradesh,Kanpur,Maize,22.8,116.5,754.0,522.5,66.4,119.8,0.89,0.31,1515.45,11,Post-Monsoon
2022-11-11,Karnataka,Bangalore,Sugarcane,32.2,112.9,641.9,1094.5,43.2,148.9,0.94,0.07,1864.9,11,Post-Monsoon
2022-11-17,Uttar Pradesh,Varanasi,Wheat,31.2,-26.9,876.6,1030.6,37.4,167.6,0.02,0.83,2079.2,11,Post-Monsoon
2022-11-17,Bihar,Bhagalpur,Sugarcane,17.9,35.0,1255.3,1725.2,49.2,113.5,0.78,0.3,1932.55,11,Post-Monsoon
2022-11-22,Punjab,Patiala,Maize,25.6,94.9,1093.9,1186.8,65.5,127.5,0.28,0.36,1867.45,11,Post-Monsoon
2022-11-22,Karnataka,Mysore,Wheat,22.3,45.4,1065.4,1207.3,39.2,167.7,0.04,0.13,1993.55,11,Post-Monsoon
2022-11-25,Karnataka,Bangalore,Cotton,32.6,117.9,237.0,1895.5,57.5,208.7,0.69,0.66,2573.25,11,Post-Monsoon
2022-11-26,Uttar Pradesh,Kanpur,Cotton,26.0,86.9,1112.0,951.9,54.3,71.2,0.9,0.89,1630.35,11,Post-Monsoon
2022-11-26,Maharashtra,Pune,Wheat,25.2,167.2,1028.3,1804.6,47.4,180.1,0.97,0.93,2095.35,11,Post-Monsoon
2022-11-28,Karnataka,Mangalore,Sugarcane,20.6,148.1,1069.8,1123.1,24.3,142.4,0.9,0.6,1768.05,11,Post-Monsoon
2022-11-30,Karnataka,Bangalore,Cotton,32.8,201.8,1373.9,1003.3,47.0,172.2,0.73,0.57,1558.7,11,Post-Monsoon
2022-12-05,Uttar Pradesh,Kanpur,Sugarcane,37.4,213.4,1448.2,1384.8,63.5,199.8,0.05,0.38,1864.3,12,Winter
2022-12-06,Uttar Pradesh,Varanasi,Wheat,21.2,56.2,585.4,1287.5,40.0,126.5,0.95,0.94,2080.05,12,Winter
2022-12-07,Bihar,Bhagalpur,Wheat,28.5,109.1,1128.9,1677.8,58.6,195.6,0.76,0.51,1980.25,12,Winter
2022-12-08,Uttar Pradesh,Lucknow,Sugarcane,26.8,108.4,1438.5,894.7,70.2,141.5,0.76,0.05,1364.7,12,Winter
2022-12-12,Bihar,Gaya,Maize,18.9,132.7,886.8,1909.0,45.7,159.4,0.63,0.28,2258.7,12,Winter
2022-12-12,Bihar,Patna,Wheat,21.1,134.7,871.5,483.6,51.3,152.6,0.19,0.92,1738.45,12,Winter
2022-12-12,Karnataka,Bangalore,Wheat,29.4,177.8,1573.7,1502.5,52.8,107.2,0.86,0.84,1684.8,12,Winter
2022-12-13,Uttar Pradesh,Kanpur,Wheat,24.0,131.6,1336.6,913.6,41.7,145.8,0.28,0.42,1663.1,12,Winter
2022-12-17,Bihar,Bhagalpur,Sugarcane,20.0,38.4,1362.5,1796.0,39.0,166.4,0.3,0.62,2110.75,12,Winter
2022-12-17,Maharashtra,Pune,Wheat,25.8,226.7,1203.1,1114.1,44.4,89.3,0.68,0.54,1716.7,12,Winter
2022-12-18,Uttar Pradesh,Kanpur,Maize,20.9,3.2,800.7,1508.6,45.7,125.4,0.85,0.09,2016.55,12,Winter
2022-12-22,Bihar,Gaya,Maize,25.1,111.5,583.5,1124.0,45.0,130.8,0.71,0.27,1994.25,12,Winter
2022-12-28,Bihar,Gaya,Rice,21.8,0.3,1079.3,1453.8,42.0,133.2,0.29,0.11,2027.25,12,Winter
2022-12-31,Uttar Pradesh,Kanpur,Sugarcane,30.5,94.3,1251.9,860.9,46.2,178.6,0.76,0.3,1514.1,12,Winter
2023-01-04,Uttar Pradesh,Lucknow,Cotton,21.9,83.9,1501.0,1047.5,51.5,168.5,0.86,0.82,1494.25,1,Winter
2023-01-09,Punjab,Patiala,Cotton,24.7,34.9,1104.5,943.6,57.8,191.2,0.58,0.39,1668.95,1,Winter
2023-01-09,Punjab,Amritsar,Cotton,22.9,93.5,726.3,1266.0,50.7,182.3,0.7,0.41,1999.45,1,Winter
2023-01-14,Maharashtra,Nagpur,Cotton,28.3,104.5,945.8,1092.7,47.6,155.1,0.08,0.36,1990.25,1,Winter
2023-01-14,Bihar,Gaya,Rice,25.9,58.2,1096.7,1121.9,57.0,179.7,0.62,0.86,1798.6,1,Winter
2023-01-20,Uttar Pradesh,Kanpur,Cotton,27.2,83.9,1203.3,1476.7,34.3,161.4,0.42,0.79,2021.1,1,Winter
2023-01-24,Karnataka,Mangalore,Wheat,22.1,79.0,548.5,1244.1,50.3,155.9,0.14,0.69,2274.2,1,Winter
2023-01-27,Bihar,Gaya,Rice,26.4,122.2,853.5,1347.0,50.8,131.1,0.16,0.83,2180.15,1,Winter
2023-01-27,Karnataka,Bangalore,Sugarcane,28.5,88.0,613.1,1293.4,52.3,117.6,0.76,0.78,2085.55,1,Winter
2023-01-28,Punjab,Ludhiana,Maize,20.7,67.0,957.4,934.4,56.4,154.5,0.31,0.25,1807.7,1,Winter
2023-01-31,Bihar,Gaya,Maize,30.9,176.8,1161.6,1126.1,45.6,166.5,0.24,0.51,1870.05,1,Winter
2023-01-31,Punjab,Patiala,Cotton,30.2,167.3,1221.2,817.9,43.6,94.3,0.9,0.96,1537.15,1,Winter
2023-02-01,Maharashtra,Pune,Rice,33.0,82.2,1700.0,1884.3,41.0,128.8,0.29,0.56,1979.15,2,Winter
2023-02-03,Karnataka,Bangalore,Maize,22.8,73.1,1555.3,1256.4,47.2,131.1,0.97,0.26,1491.15,2,Winter
2023-02-03,Maharashtra,Pune,Cotton,29.5,75.2,984.9,976.3,34.8,120.1,0.29,0.09,1848.1,2,Winter
2023-02-04,Uttar Pradesh,Kanpur,Sugarcane,23.9,95.6,853.4,1672.2,59.5,145.9,0.66,0.01,2093.4,2,Winter
2023-02-09,Uttar Pradesh,Varanasi,Sugarcane,26.3,81.4,147.0,1207.2,53.1,101.6,0.27,0.9,2432.9,2,Winter
2023-02-10,Karnataka,Mangalore,Wheat,26.7,87.5,1375.3,1279.2,60.0,182.5,0.32,0.23,1758.95,2,Winter
2023-02-10,Bihar,Gaya,Cotton,27.3,81.7,928.4,1650.3,46.9,120.9,0.62,0.45,2126.15,2,Winter
2023-02-13,Punjab,Amritsar,Wheat,24.1,31.8,469.2,981.4,48.0,178.5,0.5,0.92,2102.1,2,Winter
2023-02-15,Uttar Pradesh,Kanpur,Cotton,22.7,117.0,475.4,1893.4,56.5,176.0,0.69,0.34,2423.0,2,Winter
2023-02-17,Uttar Pradesh,Kanpur,Rice,22.7,52.4,988.2,1178.1,39.2,123.2,0.28,0.28,1960.55,2,Winter
2023-02-21,Karnataka,Bangalore,Sugarcane,23.1,30.6,792.6,1565.8,58.2,118.5,0.36,0.57,2219.2,2,Winter
2023-02-22,Karnataka,Mangalore,Wheat,37.1,165.0,832.1,1333.8,36.0,151.8,0.09,0.41,2192.85,2,Winter
2023-02-24,Uttar Pradesh,Varanasi,Rice,22.7,71.7,660.5,899.6,35.6,175.7,0.28,0.33,1997.35,2,Winter
2023-02-26,Bihar,Gaya,Sugarcane,29.2,118.5,1241.4,1520.6,69.4,145.3,0.55,0.22,1857.8,2,Winter
2023-02-27,Karnataka,Mangalore,Sugarcane,21.7,52.1,1030.0,1503.0,41.6,188.2,0.41,0.13,2043.3,2,Winter
2023-02-28,Punjab,Patiala,Wheat,26.9,80.6,467.2,1524.6,43.8,172.3,0.98,0.34,2181.1,2,Winter
2023-02-28,Bihar,Bhagalpur,Wheat,18.7,45.3,1258.7,1319.2,45.6,160.7,0.55,0.11,1785.05,2,Winter
2023-03-04,Karnataka,Mangalore,Maize,25.6,81.3,749.4,1224.6,49.5,136.0,0.5,0.12,2000.6,3,Summer
2023-03-08,Karnataka,Mysore,Rice,22.7,48.3,1013.1,1762.9,46.3,194.9,0.45,0.62,2209.3,3,Summer
2023-03-12,Karnataka,Bangalore,Sugarcane,25.0,205.2,963.7,1212.9,33.3,134.1,0.13,0.1,2029.0,3,Summer
2023-03-17,Bihar,Patna,Sugarcane,27.8,221.5,941.2,618.1,35.9,148.9,0.65,0.78,1649.65,3,Summer
2023-03-26,Uttar Pradesh,Varanasi,Wheat,27.3,165.5,783.9,1206.7,44.8,141.9,0.96,0.14,1847.8,3,Summer
2023-03-29,Karnataka,Mysore,Cotton,20.0,82.8,991.7,1070.0,48.4,162.2,0.66,0.65,1809.35,3,Summer
2023-03-29,Punjab,Patiala,Maize,28.8,37.0,891.9,1104.0,43.4,160.3,1.0,0.18,1737.25,3,Summer
2023-03-30,Uttar Pradesh,Lucknow,Maize,17.0,184.7,1358.6,1367.4,49.4,186.9,0.78,0.67,1738.6,3,Summer
2023-03-30,Karnataka,Mangalore,Maize,24.7,189.5,1350.1,1378.3,62.6,137.4,0.59,0.17,1728.9,3,Summer
2023-04-01,Maharashtra,Pune,Maize,24.7,90.1,1364.9,1258.5,52.6,140.2,0.86,0.15,1598.6,4,Summer
2023-04-09,Punjab,Amritsar,Cotton,29.4,135.1,1262.1,1026.0,63.0,205.2,0.25,0.76,1756.95,4,Summer
2023-04-10,Maharashtra,Nashik,Cotton,21.0,81.2,830.7,1175.1,56.3,158.7,0.84,0.13,1820.6,4,Summer
2023-04-14,Uttar Pradesh,Varanasi,Wheat,26.0,87.9,977.8,1478.8,29.9,149.7,0.89,0.64,1987.7,4,Summer
2023-04-22,Maharashtra,Pune,Sugarcane,19.9,46.9,1175.2,533.4,63.3,156.8,0.38,0.67,1505.5,4,Summer
2023-04-27,Karnataka,Mangalore,Rice,22.8,-20.4,761.3,1135.7,30.4,138.2,0.48,0.32,2014.4,4,Summer
2023-04-28,Karnataka,Bangalore,Sugarcane,30.7,98.3,1497.5,1475.2,63.5,127.1,0.67,0.12,1672.85,4,Summer
2023-04-30,Maharashtra,Nashik,Cotton,17.1,123.6,902.8,1665.5,56.8,182.9,0.77,0.31,2067.75,4,Summer
2023-04-30,Karnataka,Mangalore,Cotton,32.2,98.1,778.2,947.4,62.4,230.5,0.28,0.3,1905.8,4,Summer
2023-05-03,Punjab,Ludhiana,Cotton,29.6,62.3,1305.5,1362.9,49.8,163.2,0.07,0.05,1913.1,5,Summer
2023-05-04,Bihar,Gaya,Maize,26.9,91.0,473.1,1262.5,65.7,101.7,0.65,0.15,2083.3,5,Summer
2023-05-09,Punjab,Ludhiana,Wheat,25.2,120.6,790.2,1606.9,50.5,170.9,0.73,0.92,2180.35,5,Summer
2023-05-12,Bihar,Bhagalpur,Wheat,28.1,109.3,642.9,1580.6,58.2,86.8,0.79,0.32,2147.45,5,Summer
2023-05-23,Karnataka,Bangalore,Maize,15.9,147.2,957.6,1669.1,50.0,128.3,0.11,0.11,2233.75,5,Summer
2023-05-26,Bihar,Bhagalpur,Maize,26.5,98.5,756.7,1976.4,40.3,82.7,0.41,0.73,2479.25,5,Summer
2023-05-28,Karnataka,Bangalore,Cotton,23.5,82.1,829.1,931.8,40.0,151.9,0.87,0.3,1740.35,5,Summer
2023-05-28,Maharashtra,Nagpur,Maize,27.4,53.6,1032.6,1053.8,40.1,170.7,0.04,0.36,1954.4,5,Summer
2023-06-02,Punjab,Ludhiana,Maize,20.7,48.6,1596.6,1316.9,39.1,158.6,0.17,0.88,1818.95,6,Monsoon
2023-06-02,Maharashtra,Nashik,Wheat,30.3,108.4,1412.2,660.0,30.1,157.8,0.47,0.5,1472.7,6,Monsoon
2023-06-02,Punjab,Amritsar,Cotton,21.9,49.6,582.4,846.1,56.0,119.5,0.32,0.99,2022.85,6,Monsoon
2023-06-04,Uttar Pradesh,Lucknow,Wheat,20.1,19.1,1380.7,1352.1,25.1,120.5,1.0,0.01,1636.5,6,Monsoon
2023-06-08,Punjab,Patiala,Wheat,27.6,164.1,1252.3,1075.5,30.7,176.1,0.61,0.02,1669.2,6,Monsoon
2023-06-10,Punjab,Patiala,Wheat,24.1,32.2,1109.3,1279.3,45.7,164.1,0.44,0.2,1881.6,6,Monsoon
2023-06-10,Punjab,Amritsar,Sugarcane,25.1,13.3,982.9,1456.8,47.0,149.0,0.25,0.87,2154.95,6,Monsoon
2023-06-11,Bihar,Bhagalpur,Cotton,23.5,41.2,995.5,1082.8,55.0,166.9,0.28,0.84,1933.65,6,Monsoon
2023-06-14,Karnataka,Mangalore,Cotton,14.1,137.1,1129.3,977.6,55.5,106.5,0.39,0.85,1781.15,6,Monsoon
2023-06-18,Uttar Pradesh,Varanasi,Wheat,20.9,68.9,930.6,1195.8,50.5,137.1,0.52,0.99,1974.6,6,Monsoon
2023-06-20,Uttar Pradesh,Lucknow,Cotton,21.8,60.1,1182.5,1383.5,50.6,177.7,0.45,0.33,1897.3,6,Monsoon
2023-06-21,Punjab,Ludhiana,Cotton,19.2,212.8,1214.0,1172.3,57.8,183.5,0.17,0.06,1818.55,6,Monsoon
2023-06-29,Uttar Pradesh,Kanpur,Cotton,30.5,146.1,921.2,1024.5,40.4,165.1,0.06,0.33,1985.85,6,Monsoon
2023-07-03,Uttar Pradesh,Lucknow,Maize,22.6,172.5,1285.8,1840.6,55.3,151.7,0.11,0.49,2182.8,7,Monsoon
2023-07-06,Maharashtra,Nashik,Maize,18.7,125.4,719.6,1274.0,61.2,130.0,0.44,0.63,2085.8,7,Monsoon
2023-07-15,Bihar,Gaya,Sugarcane,30.0,121.2,1358.2,809.3,73.1,144.6,0.74,0.61,1418.35,7,Monsoon
2023-07-18,Karnataka,Mysore,Maize,22.0,141.3,768.6,1688.9,42.4,151.2,0.18,0.96,2417.35,7,Monsoon
2023-07-18,Uttar Pradesh,Varanasi,Maize,26.5,139.2,1590.5,1041.8,61.4,209.1,0.06,0.63,1647.85,7,Monsoon
2023-07-19,Bihar,Bhagalpur,Maize,16.3,194.2,926.7,849.5,36.4,119.9,0.73,0.7,1739.6,7,Monsoon
2023-07-21,Karnataka,Mysore,Maize,28.3,106.6,626.3,944.5,38.9,167.2,0.32,0.22,2007.3,7,Monsoon
2023-07-24,Punjab,Amritsar,Wheat,24.1,16.5,1014.0,1162.5,61.8,125.4,0.41,0.2,1847.65,7,Monsoon
2023-07-24,Punjab,Ludhiana,Rice,19.5,102.0,442.0,988.1,40.7,167.0,0.32,0.42,2137.65,7,Monsoon
2023-07-30,Uttar Pradesh,Varanasi,Sugarcane,24.0,116.0,918.6,986.0,43.3,153.4,0.03,0.71,2009.1,7,Monsoon
2023-07-30,Punjab,Patiala,Rice,20.6,83.6,1225.1,744.5,49.6,96.3,0.12,0.59,1683.5,7,Monsoon
2023-08-01,Punjab,Patiala,Sugarcane,30.1,26.2,1132.6,1627.4,39.7,124.1,0.33,0.16,2085.0,8,Monsoon
2023-08-04,Bihar,Gaya,Maize,27.6,71.6,663.7,493.4,66.0,200.4,0.07,0.83,1844.85,8,Monsoon
2023-08-05,Maharashtra,Nashik,Cotton,27.8,59.5,1224.3,1532.0,47.5,151.2,0.36,0.6,2010.85,8,Monsoon
2023-08-14,Punjab,Patiala,Rice,30.0,84.5,666.2,839.4,41.4,113.7,0.56,0.71,1906.8,8,Monsoon
2023-08-20,Punjab,Amritsar,Sugarcane,30.3,128.1,1018.4,1226.2,46.0,140.5,0.64,0.32,1851.9,8,Monsoon
2023-08-25,Maharashtra,Nashik,Rice,15.9,47.1,1603.6,1247.7,51.8,169.1,0.8,0.08,1486.45,8,Monsoon
2023-08-30,Karnataka,Mangalore,Cotton,17.3,30.3,866.5,883.8,49.3,164.6,0.63,0.73,1794.05,8,Monsoon
2023-09-08,Uttar Pradesh,Kanpur,Cotton,20.0,81.3,805.9,844.2,37.6,199.9,0.01,0.52,1992.95,9,Post-Monsoon
2023-09-08,Karnataka,Bangalore,Sugarcane,27.4,126.7,1335.6,939.7,54.0,122.7,0.64,0.03,1505.05,9,Post-Monsoon
2023-09-11,Bihar,Gaya,Cotton,25.8,105.5,1240.5,991.1,51.8,127.2,0.49,0.55,1679.7,9,Post-Monsoon
2023-09-16,Bihar,Bhagalpur,Sugarcane,21.5,144.1,871.2,1509.1,51.5,137.9,0.23,0.24,2170.95,9,Post-Monsoon
2023-09-25,Uttar Pradesh,Varanasi,Sugarcane,23.0,91.3,750.4,1161.8,39.1,172.7,0.94,0.87,1932.5,9,Post-Monsoon
2023-09-25,Punjab,Patiala,Wheat,29.7,64.8,771.9,1262.3,62.7,194.6,0.64,0.31,1958.8,9,Post-Monsoon
2023-09-27,Punjab,Amritsar,Cotton,24.7,97.9,1151.4,1031.7,61.0,192.7,0.4,0.58,1756.15,9,Post-Monsoon
2023-09-29,Uttar Pradesh,Kanpur,Sugarcane,23.9,3.2,770.4,360.9,54.5,156.6,0.14,0.3,1674.25,9,Post-Monsoon
2023-10-01,Punjab,Ludhiana,Rice,26.6,49.4,676.2,779.2,48.0,132.5,0.86,0.23,1720.5,10,Post-Monsoon
2023-10-01,Karnataka,Mysore,Sugarcane,29.8,172.5,1018.0,1321.7,51.9,99.8,0.17,0.17,2014.05,10,Post-Monsoon
2023-10-01,Uttar Pradesh,Kanpur,Sugarcane,22.4,98.0,934.2,854.8,48.5,130.8,0.47,0.45,1767.3,10,Post-Monsoon
2023-10-03,Punjab,Patiala,Rice,25.4,154.6,271.8,895.4,54.3,176.3,0.14,0.28,2189.2,10,Post-Monsoon
2023-10-04,Punjab,Patiala,Rice,31.1,139.8,1257.6,1036.2,61.1,91.6,0.48,0.86,1709.1,10,Post-Monsoon
2023-10-04,Uttar Pradesh,Kanpur,Sugarcane,25.6,52.7,455.8,1237.7,55.5,171.1,0.73,0.88,2148.95,10,Post-Monsoon
2023-10-05,Uttar Pradesh,Varanasi,Rice,20.4,138.4,689.3,1587.5,49.2,148.5,0.74,0.71,2199.7,10,Post-Monsoon
2023-10-09,Punjab,Ludhiana,Maize,28.9,59.0,1228.8,914.8,57.9,107.2,0.08,0.45,1748.2,10,Post-Monsoon
2023-10-14,Maharashtra,Pune,Sugarcane,29.3,155.8,1059.7,1258.1,57.0,183.6,0.03,0.53,2029.2,10,Post-Monsoon
2023-10-20,Punjab,Amritsar,Rice,28.2,7.1,1272.9,951.4,47.6,177.5,0.86,0.27,1513.05,10,Post-Monsoon
2023-10-22,Punjab,Ludhiana,Sugarcane,30.7,105.5,1093.4,1158.2,51.2,116.5,0.18,0.43,1919.0,10,Post-Monsoon
2023-10-28,Karnataka,Mysore,Rice,20.5,-0.1,1079.2,1792.1,45.4,179.0,0.71,0.99,2151.65,10,Post-Monsoon
2023-10-28,Bihar,Bhagalpur,Rice,30.6,40.0,704.9,1546.8,49.1,111.3,0.74,0.14,2114.75,10,Post-Monsoon
2023-10-29,Punjab,Amritsar,Cotton,21.0,-38.7,903.4,1115.7,50.1,187.8,0.01,0.8,2082.95,10,Post-Monsoon
2023-10-30,Maharashtra,Pune,Maize,25.3,112.1,1316.7,1203.6,71.4,112.1,0.7,0.19,1609.65,10,Post-Monsoon
2023-11-01,Uttar Pradesh,Lucknow,Wheat,31.3,90.0,696.8,1816.3,42.1,160.2,0.4,0.79,2434.55,11,Post-Monsoon
2023-11-09,Karnataka,Mysore,Sugarcane,21.9,72.3,1270.5,1571.1,50.3,206.5,0.83,0.51,1851.7,11,Post-Monsoon
2023-11-10,Bihar,Gaya,Cotton,22.8,216.7,1471.0,1155.2,64.3,191.5,0.45,0.53,1631.5,11,Post-Monsoon
2023-11-10,Uttar Pradesh,Kanpur,Maize,28.6,127.1,1141.3,1276.4,52.5,188.5,0.67,0.93,1854.55,11,Post-Monsoon
2023-11-11,Uttar Pradesh,Varanasi,Wheat,30.7,120.9,1154.1,1853.5,45.7,104.5,0.97,0.66,2033.3,11,Post-Monsoon
2023-11-12,Karnataka,Bangalore,Wheat,28.6,105.4,1226.5,2076.6,58.0,179.3,0.19,0.47,2299.05,11,Post-Monsoon
2023-11-14,Bihar,Patna,Maize,13.5,74.1,225.9,1379.7,46.2,110.6,0.07,0.58,2521.5,11,Post-Monsoon
2023-11-16,Maharashtra,Nagpur,Rice,27.3,135.4,789.4,1117.0,52.1,107.8,0.21,0.54,2050.6,11,Post-Monsoon
2023-11-17,Punjab,Amritsar,Wheat,27.8,78.2,569.0,997.0,44.6,182.1,0.11,0.57,2148.8,11,Post-Monsoon
2023-11-17,Karnataka,Bangalore,Wheat,33.2,131.3,899.1,656.2,45.8,143.4,0.88,0.73,1595.95,11,Post-Monsoon
2023-11-27,Maharashtra,Pune,Cotton,29.0,19.4,1062.6,1144.1,76.8,151.9,0.58,0.05,1718.15,11,Post-Monsoon
2023-12-01,Bihar,Patna,Sugarcane,25.0,0.5,1122.5,1091.3,49.7,123.8,0.69,0.26,1704.0,12,Winter
2023-12-05,Punjab,Patiala,Maize,30.5,120.9,456.8,1369.1,32.0,130.2,0.73,0.8,2253.15,12,Winter
2023-12-08,Uttar Pradesh,Kanpur,Wheat,27.3,165.6,1168.0,493.3,46.3,148.8,0.06,0.39,1591.05,12,Winter
2023-12-09,Punjab,Ludhiana,Rice,19.8,220.0,883.4,2023.1,38.6,169.7,0.11,0.6,2519.65,12,Winter
2023-12-10,Bihar,Bhagalpur,Maize,22.7,99.2,746.8,1110.4,26.4,171.3,0.61,0.81,2027.0,12,Winter
2023-12-14,Punjab,Patiala,Rice,36.3,134.1,1342.8,1633.4,22.5,162.7,0.05,0.02,2087.3,12,Winter
2023-12-16,Punjab,Ludhiana,Wheat,18.1,41.0,697.9,1090.5,56.5,163.0,0.94,0.49,1850.3,12,Winter
2023-12-22,Punjab,Amritsar,Cotton,28.9,122.1,482.6,941.2,50.3,172.0,0.5,0.18,1996.7,12,Winter
2023-12-29,Uttar Pradesh,Varanasi,Maize,17.2,151.3,1072.7,728.9,36.5,161.6,0.85,0.08,1508.1,12,Winter
2023-12-30,Maharashtra,Pune,Maize,31.9,45.2,1236.0,1010.2,58.2,170.5,0.12,0.14,1748.7,12,Winter
2024-01-02,Uttar Pradesh,Lucknow,Sugarcane,25.8,8.3,1204.4,1375.7,54.1,155.9,0.74,0.31,1786.45,1,Winter
2024-01-10,Uttar Pradesh,Kanpur,Wheat,29.5,46.2,1394.3,1246.1,51.3,144.7,0.81,0.48,1628.3,1,Winter
2024-01-18,Punjab,Amritsar,Cotton,30.2,150.6,1055.4,1511.2,41.7,167.5,0.33,0.49,2094.5,1,Winter
2024-01-19,Uttar Pradesh,Kanpur,Cotton,17.1,66.9,1124.5,968.3,44.1,172.9,0.77,0.39,1641.7,1,Winter
2024-01-22,Punjab,Patiala,Maize,30.8,101.1,1226.0,1416.0,47.5,175.8,0.29,0.72,1985.0,1,Winter
2024-01-24,Uttar Pradesh,Varanasi,Cotton,25.8,107.1,1254.9,1044.6,44.0,155.1,0.32,0.67,1777.85,1,Winter
2024-01-25,Punjab,Amritsar,Wheat,19.9,74.0,897.2,582.0,65.0,146.1,0.75,0.46,1533.4,1,Winter
2024-01-25,Maharashtra,Pune,Sugarcane,28.6,73.2,1049.4,1185.4,64.5,145.0,0.4,0.42,1861.0,1,Winter
2024-02-04,Bihar,Bhagalpur,Wheat,32.4,60.6,1201.1,1225.1,45.8,142.2,0.39,0.62,1865.4,2,Winter
2024-02-04,Karnataka,Bangalore,Wheat,23.1,145.3,615.1,1661.0,58.9,158.2,0.23,0.4,2376.15,2,Winter
2024-02-05,Punjab,Amritsar,Sugarcane,28.5,237.4,1043.8,560.9,54.6,175.8,0.29,0.2,1582.35,2,Winter
2024-02-05,Maharashtra,Nagpur,Rice,21.3,73.4,948.4,898.7,37.6,155.2,0.06,0.32,1913.95,2,Winter
2024-02-06,Punjab,Ludhiana,Cotton,25.4,24.0,1079.0,1054.5,52.4,162.0,0.53,0.86,1809.95,2,Winter
2024-02-08,Bihar,Bhagalpur,Sugarcane,30.3,83.9,917.7,1168.2,57.7,168.9,0.16,0.54,2015.85,2,Winter
